username,first_name,last_name,email,gender,password
rpittet0,Reggi,Pittet,rpittet0@vkontakte.ru,Female,mlVy0glcN
mbennion1,Matt,Bennion,mbennion1@mail.ru,Male,Hp7INdlNVm
ycade2,Ynez,Cade,ycade2@fema.gov,Female,zr1Nxe3
mmattacks3,Maude,Mattacks,mmattacks3@oracle.com,Female,igRbj3D
cspehr4,Cordie,Spehr,cspehr4@com.com,Male,uE9tV2DArGe
ljeacop5,Lewie,Jeacop,ljeacop5@narod.ru,Male,j1JWohEv
tfardy6,Traci,Fardy,tfardy6@typepad.com,Female,rgY1tA
tdavidavidovics7,Tilly,Davidavidovics,tdavidavidovics7@engadget.com,Female,P8Cja4Olt3wy
pbarti8,Patty,Barti,pbarti8@statcounter.com,Male,ivfgaA1WB
dbriat9,Daron,Briat,dbriat9@spiegel.de,Female,L6ACIJD
dferenca,De,Ferenc,dferenca@nyu.edu,Female,poVSPAK
araubenheimersb,Archaimbaud,Raubenheimers,araubenheimersb@oaic.gov.au,Non-binary,QcEByKR91
fhaffardc,Frederico,Haffard,fhaffardc@yellowbook.com,Polygender,rFO3jbS7lE7s
gscuffhamd,Giffy,Scuffham,gscuffhamd@marketwatch.com,Male,ucv0jLWK
ealfonsettie,Enos,Alfonsetti,ealfonsettie@opera.com,Male,MZRDuS11
afennerf,Adel,Fenner,afennerf@mysql.com,Female,ZHccgG
favramovg,Ferdie,Avramov,favramovg@census.gov,Bigender,9evRHR6D1
bhowgegoh,Briggs,Howgego,bhowgegoh@example.com,Agender,OVLBszFxZ
prufflii,Padraic,Ruffli,prufflii@discovery.com,Male,HmQJ7uBV
dsauraj,Dreddy,Saura,dsauraj@sakura.ne.jp,Female,SAgQe4xDD
jlohdenk,Julius,Lohden,jlohdenk@1688.com,Male,rk5i7Eqs
dmilnesl,Dorice,Milnes,dmilnesl@time.com,Female,uMSROfEDGd
gkimblingm,Grenville,Kimbling,gkimblingm@bloglines.com,Male,JRDnepbJ
mbromidgen,Magdalena,Bromidge,mbromidgen@google.com.hk,Female,cZgKtSO0
amaccaugheno,Angelia,MacCaughen,amaccaugheno@printfriendly.com,Female,6r12z6mSY
ftuffellp,Filia,Tuffell,ftuffellp@japanpost.jp,Female,NCNoztS3K2Lk
obirtq,Opalina,Birt,obirtq@aol.com,Female,r5ykTxjXnV3
hbranfordr,Homere,Branford,hbranfordr@t.co,Male,95DmhGml8ME
deleners,Demetris,Elener,deleners@nih.gov,Female,5BDbM4LBDT6
jpolkt,Julietta,Polk,jpolkt@webmd.com,Female,rlEeReUO2cbf
bmordecaiu,Bryanty,Mordecai,bmordecaiu@ezinearticles.com,Male,fuc2Wnr
dedgeleyv,Darlleen,Edgeley,dedgeleyv@imdb.com,Female,TpZgM72DK
ecolleltonw,Emmaline,Collelton,ecolleltonw@fotki.com,Genderqueer,seJora
mhodcroftx,Mano,Hodcroft,mhodcroftx@nasa.gov,Bigender,9xvCHaUtECmZ
xdytey,Xerxes,Dyte,xdytey@google.ca,Male,UNqqfDNYV
jhillinz,Judi,Hillin,jhillinz@feedburner.com,Female,QJlw5bg
dsimcock10,Demetris,Simcock,dsimcock10@usda.gov,Male,ICpmNau0Oy
rmardy11,Ralf,Mardy,rmardy11@gmpg.org,Male,KWY8NT7JeySg
bdakhov12,Balduin,Dakhov,bdakhov12@discovery.com,Male,P3KUa6KY
bbrenston13,Bentlee,Brenston,bbrenston13@de.vu,Male,aLDwHjw9R
kbetun14,Kristin,Betun,kbetun14@usa.gov,Female,HKYjjX
cpaulton15,Caz,Paulton,cpaulton15@rakuten.co.jp,Male,i47AjmX
mmurney16,Monah,Murney,mmurney16@wikimedia.org,Female,xgKxBp
esmitheram17,Emmy,Smitheram,esmitheram17@wikispaces.com,Male,pcVXx3jLbj1
apierrepoint18,Adelaida,Pierrepoint,apierrepoint18@multiply.com,Female,ewzc6El
cotteridge19,Carmina,Otteridge,cotteridge19@ted.com,Female,UvpB9GVwcIK
chugh1a,Caressa,Hugh,chugh1a@moonfruit.com,Female,LWQocwr3PZ
fdytham1b,Fredek,Dytham,fdytham1b@cisco.com,Male,ZuHZvU4
isandeson1c,Izabel,Sandeson,isandeson1c@nydailynews.com,Female,3E7eK7wvs0g
joger1d,Janaya,Oger,joger1d@paginegialle.it,Female,VIbUCHr7
lmcgowing1e,Lauree,McGowing,lmcgowing1e@people.com.cn,Female,ZC4EeHAY
fceschini1f,Freddi,Ceschini,fceschini1f@disqus.com,Female,DbiMty9wv
cbodill1g,Chaddie,Bodill,cbodill1g@youtu.be,Male,j5d3Yxc
handras1h,Hercules,Andras,handras1h@com.com,Male,JSYheNxgPOCJ
vpudney1i,Vivia,Pudney,vpudney1i@cdbaby.com,Female,u6iVdu
jandrault1j,Janessa,Andrault,jandrault1j@flickr.com,Female,JS6z1QWEbeo
mnewey1k,Maia,Newey,mnewey1k@virginia.edu,Female,Zu8vbxmy
ipickthorne1l,Irvin,Pickthorne,ipickthorne1l@army.mil,Male,QLf1CR4M
abeert1m,Aluin,Beert,abeert1m@fda.gov,Male,WZugBlY
sharlow1n,Sharai,Harlow,sharlow1n@senate.gov,Female,lRMhrMpcvbD
bstable1o,Blinni,Stable,bstable1o@eventbrite.com,Female,xyPvuZVXqp
bspracklin1p,Bendite,Spracklin,bspracklin1p@timesonline.co.uk,Agender,gcJ6MDCQC
mrastall1q,Maribelle,Rastall,mrastall1q@ihg.com,Female,FwXFByJ
pheintsch1r,Pancho,Heintsch,pheintsch1r@bing.com,Male,27p3Ui1faqU
mendecott1s,Myrah,Endecott,mendecott1s@psu.edu,Female,7MJjScZp1WN
cbenne1t,Casar,Benne,cbenne1t@ow.ly,Male,FYgrHp8qWj
mshewen1u,Marcelline,Shewen,mshewen1u@paginegialle.it,Female,h6Bsy0kSuIx
nratke1v,Nanon,Ratke,nratke1v@de.vu,Female,dB5fCOHk7T
dorrice1w,Devlen,Orrice,dorrice1w@statcounter.com,Agender,pT1LgHBO
bcartmer1x,Barbi,Cartmer,bcartmer1x@examiner.com,Female,ycjDAE0
hserrell1y,Halsey,Serrell,hserrell1y@census.gov,Male,hWoSFF3b
hklimus1z,Helen,Klimus,hklimus1z@senate.gov,Polygender,rFwvO1
scouve20,Sadye,Couve,scouve20@etsy.com,Female,TFL5TmgdXPN
hputnam21,Hunter,Putnam,hputnam21@over-blog.com,Male,vIcX1RPxO
vjermy22,Vince,Jermy,vjermy22@reference.com,Male,i2MbG0ri1F
ahickinbottom23,Adelice,Hickinbottom,ahickinbottom23@barnesandnoble.com,Female,opNFSSGF
jdoorly24,Janenna,Doorly,jdoorly24@webmd.com,Female,0jODodUQiIz
esickamore25,Esteban,Sickamore,esickamore25@biblegateway.com,Genderqueer,TnXNal1QcB
mheindl26,Merv,Heindl,mheindl26@cnbc.com,Male,v6otulqst2aT
cmccosker27,Cello,McCosker,cmccosker27@soup.io,Male,USAg6CTaJ
cduffan28,Clemence,Duffan,cduffan28@newsvine.com,Female,shgaGPFYfj
mlillicrop29,Maddie,Lillicrop,mlillicrop29@diigo.com,Male,MXpaD2yOfyQp
abergstrand2a,Adamo,Bergstrand,abergstrand2a@hhs.gov,Male,hxMQfyaoCNEy
saggus2b,Solomon,Aggus,saggus2b@wix.com,Male,2eVjJQ8D2K
vpresdie2c,Virgie,Presdie,vpresdie2c@archive.org,Male,vonyKgenKC
gkoomar2d,Garret,Koomar,gkoomar2d@cafepress.com,Non-binary,Z7ectyT8DBw1
cfernie2e,Cristen,Fernie,cfernie2e@xrea.com,Female,053TY1
jsummerscales2f,Jerrold,Summerscales,jsummerscales2f@timesonline.co.uk,Male,HyPclXx
gmazey2g,Gweneth,Mazey,gmazey2g@cafepress.com,Female,OpJLzq7Pbu3
dfawley2h,Doreen,Fawley,dfawley2h@businessinsider.com,Female,StaZrZTihj
anajara2i,Alley,Najara,anajara2i@google.co.jp,Male,Qo8Lm0EthH
imaskew2j,Isaac,Maskew,imaskew2j@bigcartel.com,Male,67OqWWi1UPav
jpindar2k,Jillane,Pindar,jpindar2k@wordpress.org,Female,qJzB68mz3o
kivushkin2l,Kerrin,Ivushkin,kivushkin2l@pbs.org,Female,sgzaHxfVR
efinlaison2m,Efrem,Finlaison,efinlaison2m@google.com,Male,gp4ubR3kp8
spenticost2n,Sawyer,Penticost,spenticost2n@twitpic.com,Male,Ek0dJDVE
kmacscherie2o,Kenton,MacScherie,kmacscherie2o@joomla.org,Male,SFNONWTaf
mkapelhof2p,Mathian,Kapelhof,mkapelhof2p@ustream.tv,Male,EEV5JxI1bQbL
mmickelwright2q,Marsiella,Mickelwright,mmickelwright2q@ibm.com,Female,ESuo83gB
cschapero2r,Corey,Schapero,cschapero2r@buzzfeed.com,Female,9HbMuAJmoi
rbernardez2s,Roxy,Bernardez,rbernardez2s@reference.com,Female,51F21IWZdba
tivanishev2t,Tandy,Ivanishev,tivanishev2t@wiley.com,Female,Ot6vu9
ipretti2u,Idalia,Pretti,ipretti2u@instagram.com,Female,vaqbFuKo
jellyatt2v,Joannes,Ellyatt,jellyatt2v@booking.com,Female,adyyYMm5RtBx
hocloney2w,Homer,O' Cloney,hocloney2w@biblegateway.com,Male,hPrQhFw
nbillingham2x,Neddy,Billingham,nbillingham2x@nasa.gov,Male,iWxO5UTVo6h
gtash2y,Gerard,Tash,gtash2y@ycombinator.com,Male,CiBxA1ao6
fjosling2z,Frankie,Josling,fjosling2z@prnewswire.com,Female,HbfppwCVvgv
hbrignall30,Hewie,Brignall,hbrignall30@boston.com,Male,J405EA
abreitling31,Adan,Breitling,abreitling31@comcast.net,Male,kDRcDrW3f
jparffrey32,Jennifer,Parffrey,jparffrey32@harvard.edu,Female,jnqRbxzO
jplacido33,Johnna,Placido,jplacido33@clickbank.net,Female,uYl9ub2Hfm
fbarden34,Fedora,Barden,fbarden34@ehow.com,Female,Ai6ZCNJ2vL
lkehri35,Lowell,Kehri,lkehri35@geocities.com,Male,3J9GZje02
cyeowell36,Cyrillus,Yeowell,cyeowell36@skyrock.com,Male,KfsAEN5pPE
mroskrug37,Mallissa,Roskrug,mroskrug37@narod.ru,Female,P9aIZWvoOHs
cglamart38,Carleen,Glamart,cglamart38@shinystat.com,Female,EfNd1Y
pskeggs39,Pieter,Skeggs,pskeggs39@squarespace.com,Male,pgjLat7Ty
awarren3a,Angelita,Warren,awarren3a@ucoz.com,Female,mswPsMqMuC
jgorthy3b,Janet,Gorthy,jgorthy3b@google.ru,Female,vtycq7
wwonham3c,Wally,Wonham,wwonham3c@vistaprint.com,Female,7haFaNsTQtfE
cboyd3d,Casar,Boyd,cboyd3d@bbb.org,Male,Tpdl8a
hsloegrave3e,Hedwiga,Sloegrave,hsloegrave3e@admin.ch,Female,ZCCAgVXe7
nhucke3f,Niel,Hucke,nhucke3f@blogger.com,Male,RW3IIavZd0dE
fenticott3g,Ferdinande,Enticott,fenticott3g@psu.edu,Female,ZJb2MAnw
lsterte3h,Lamont,Sterte,lsterte3h@yale.edu,Male,d0vGyXNk
nwhitelock3i,Nessi,Whitelock,nwhitelock3i@so-net.ne.jp,Female,mcb5QNcw
mjaye3j,Mickie,Jaye,mjaye3j@fastcompany.com,Male,WaieRK
sblackster3k,Stephanus,Blackster,sblackster3k@chicagotribune.com,Male,Zb7GPMHPc03c
afoggarty3l,Alla,Foggarty,afoggarty3l@patch.com,Female,cqhuNB
mdowdell3m,Marget,Dowdell,mdowdell3m@adobe.com,Female,Hn6djTmH5q
lblakemore3n,Lolly,Blakemore,lblakemore3n@networkadvertising.org,Female,nZPvdEwH0
cgeorgeot3o,Carolyn,Georgeot,cgeorgeot3o@oracle.com,Female,D4dKv9
kisbell3p,Kirstin,Isbell,kisbell3p@printfriendly.com,Female,Up307VA
gthirkettle3q,Gwenore,Thirkettle,gthirkettle3q@census.gov,Female,PU9EgqDXm0t7
tfice3r,Tatum,Fice,tfice3r@mozilla.com,Female,CPlZSVlgQw
vthomassin3s,Valaree,Thomassin,vthomassin3s@google.ru,Female,w5WRHu
vlukesch3t,Vivyan,Lukesch,vlukesch3t@facebook.com,Female,0Tf2NhZ8Qfx
ceassom3u,Chalmers,Eassom,ceassom3u@dagondesign.com,Male,VUSrtY73Bi
gvuittet3v,Geralda,Vuittet,gvuittet3v@umich.edu,Female,wjPkfcEl
podoherty3w,Phaidra,O'Doherty,podoherty3w@flickr.com,Female,ppAy2KfXsop
slongson3x,Sean,Longson,slongson3x@gizmodo.com,Male,NqwvhU
jwoodwind3y,Jeane,Woodwind,jwoodwind3y@answers.com,Female,Ke5OkwCxD
cstoddart3z,Cathyleen,Stoddart,cstoddart3z@jalbum.net,Female,Tg8Ud2xuS
cskittrall40,Cristionna,Skittrall,cskittrall40@sun.com,Female,SAE8G1Aq7Z
mkeddey41,Marlow,Keddey,mkeddey41@soup.io,Male,Dwz7gkY0LpV
mevemy42,Mata,Evemy,mevemy42@state.gov,Male,dSh3SX5qcDO
lshotton43,Lizbeth,Shotton,lshotton43@umn.edu,Female,zgcFBW72
kboshier44,Kimberlyn,Boshier,kboshier44@creativecommons.org,Agender,KbbueedHV0j
rlott45,Roldan,Lott,rlott45@webs.com,Male,FOvB18Pp
